{
  "images" : [
    {
      "size" : "29x29",
      "idiom" : "iphone",
      "filename" : "Weather1 copy.png",
      "scale" : "2x"
    },
    {
      "size" : "40x40",
      "idiom" : "iphone",
      "filename" : "Weather1 copy-1.png",
      "scale" : "2x"
    },
    {
      "size" : "60x60",
      "idiom" : "iphone",
      "filename" : "Weather1 copy-2.png",
      "scale" : "2x"
    },
    {
      "idiom" : "iphone",
      "size" : "29x29",
      "unassigned" : true
    },
    {
      "idiom" : "iphone",
      "size" : "29x29",
      "unassigned" : true
    },
    {
      "idiom" : "iphone",
      "size" : "40x40",
      "unassigned" : true
    },
    {
      "idiom" : "iphone",
      "size" : "40x40",
      "unassigned" : true
    },
    {
      "idiom" : "iphone",
      "size" : "40x40",
      "unassigned" : true
    },
    {
      "idiom" : "iphone",
      "size" : "60x60",
      "unassigned" : true
    },
    {
      "idiom" : "iphone",
      "size" : "60x60",
      "unassigned" : true
    },
    {
      "idiom" : "iphone",
      "size" : "60x60",
      "unassigned" : true
    }
  ],
  "info" : {
    "version" : 1,
    "author" : "xcode"
  }
}